Level_1	Level_2	C11	C12	Parent seq. 1	Parent seq. 2	Rel. freq. 1 (%)	Rel. freq. 2 (%)	p-values	p-values (corrected)	Effect size	95.0% lower CI	95.0% upper CI	Power (alpha = 0.05)	Equal sample size (alpha = 0.05; power = 0.80)	
Genetic Information Processing	Replication and Repair	124080	123785	1760995	1775616	7.04601659857	6.97138345228	0.00600718635178	0.00600718635178	0.0746331462927	0.0214191586895	0.12784919295	N/A	N/A	
Genetic Information Processing	Translation	72834	72628	1760995	1775616	4.13595722873	4.09029880334	0.0307075938196	0.0307075938196	0.0456584253809	0.00426317411825	0.0870560337016	N/A	N/A	
Human Diseases	Cardiovascular Diseases	20	6	1760995	1775616	0.0011357215665	0.000337910899654	0.00573607705735	0.00573607705735	0.000797810666847	0.000232222144051	0.00144300375392	N/A	N/A	
Organismal Systems	Circulatory System	60	21	1760995	1775616	0.0034071646995	0.00118268814879	1.0531671717e-05	1.0531671717e-05	0.00222447655071	0.00124028495376	0.00328462791586	N/A	N/A	
